{"cameraMode":{"drawMode":0,"name":"Shaded","section":"Shading Mode"},"sceneLighting":true,"audioPlay":false,"sceneViewState":{"showFog":true,"showMaterialUpdate":false,"showSkybox":true,"showFlares":true,"showImageEffects":true,"showParticleSystems":true},"in2DMode":false,"pivot":{"x":0.0828862190246582,"y":2.7232532501220705,"z":3.316140651702881},"rotation":{"x":-0.1719338297843933,"y":0.013886566273868084,"z":-0.0024239253252744676,"w":-0.985007643699646},"size":10.0,"orthographic":false}