{"cameraMode":{"drawMode":0,"name":"Shaded","section":"Shading Mode"},"sceneLighting":true,"audioPlay":false,"sceneViewState":{"showFog":true,"showMaterialUpdate":false,"showSkybox":true,"showFlares":true,"showImageEffects":true,"showParticleSystems":true},"in2DMode":false,"pivot":{"x":-5.842426300048828,"y":-3.9937665462493898,"z":0.04070664942264557},"rotation":{"x":0.517730712890625,"y":0.03846808150410652,"z":-0.023310774937272073,"w":0.8543604612350464},"size":21.309310913085939,"orthographic":true}