{"cameraMode":{"drawMode":0,"name":"Shaded","section":"Shading Mode"},"sceneLighting":true,"audioPlay":false,"sceneViewState":{"showFog":true,"showMaterialUpdate":false,"showSkybox":true,"showFlares":true,"showImageEffects":true,"showParticleSystems":true},"in2DMode":false,"pivot":{"x":-1.2080446481704713,"y":6.027105331420898,"z":-2.908909559249878},"rotation":{"x":0.6355665326118469,"y":-0.08061434328556061,"z":0.06698400527238846,"w":0.7648985385894775},"size":6.058787822723389,"orthographic":false}